country,1960,1961,1962,1963,1964,1965,1966,1967,1968,1969,1970,1971,1972,1973,1974,1975,1976,1977,1978,1979,1980,1981,1982,1983,1984,1985,1986,1987,1988,1989,1990,1991,1992,1993,1994,1995,1996,1997,1998,1999,2000,2001,2002,2003,2004,2005,2006,2007,2008,2009,2010,2011,2012,2013,2014,2015,2016,2017,2018,2019,2020,2021,2022,2023,2024
Aruba,,,,,,,,,,,,,,,,,,,,,,,,,,,11,10.3,10.2,10.5,10.6,10.7,10.6,10.6,10.6,10.6,10.4,10.3,11,13.1,12.1,12.6,11.3,10.7,9.6,11,9.5,10.4,10.5,10.7,10.3,9,8.4,8.5,7.3,7,6.9,6.3,6,5.7,6.8,6.4,6.1,5.8,
Afghanistan,,,,,,,,,,,,,,,,,,,,,,,,,,,,,,,,,,,,,,,,,,,,,,,18,18.1,14.9,15,15.6,15.1,15,15.1,15,15,15,14.8,,,,,,,
Angola,,,,,,,,,,,,,,,,,,,,,,,,,,,,,,,,,,,,206,218,37.8,45,80.3,103,96,97.3,96.1,82.3,67.7,19.5,17.7,12.5,15.7,22.5,18.8,16.7,15.8,16.4,16.9,15.8,15.8,20.7,19.3,19.7,19.4,20.1,16.9,19.4
Albania,,,,,,,,,,,,,,,,,,,,,,,,,,,1,1,1,1,1,1,20.6,29.6,23.7,19.6,24,32.7,,21.6,22.1,19.7,15.3,14.3,11.8,13.1,12.9,14.1,13,12.7,12.8,12.4,10.9,9.83,7.97,7.88,6.73,6.22,5.93,6.28,6.12,6.02,6.51,6.35,6.44
Argentina,,,,,,,,,,,,,,,,,,,,,,,,,,,,,,,,,,,,,,,,,,,,,,,,,,,10.6,14.1,14.1,17.1,24,24.9,31.2,26.6,48.5,67.3,29.4,35.6,52.4,95.9,61.7
Armenia,,,,,,,,,,,,,,,,,,,,,,,,,,,,,,,,,,,,96.1,66.4,54.2,48.5,38.8,31.6,26.7,21.1,20.8,18.6,18,16.5,17.5,17,18.8,19.2,17.8,17.2,16,16.4,17.6,17.4,14.4,12.8,12.1,11.6,11.8,11.7,12.4,13.1
Antigua and Barbuda,,,,,,,,,,,,,,,,,,,,,,,10.9,11.6,11.5,11.1,11.9,10.6,9.38,10.6,10.6,12.7,12.7,12.7,13.1,12.7,12.3,12,12.2,12.1,12.2,11.6,11.4,12.8,12,11.4,10.9,10.4,10.4,10.1,11,10.9,10.2,9.95,10.1,9.84,9.57,9.31,8.98,8.61,7.68,7.39,7.31,6.71,6.53
Australia,5,5.5,5.5,5.13,5.07,5.31,5.38,5.38,5.58,5.88,6.91,7.25,7.02,7.34,9.38,10.3,9.92,9.88,9.38,9.13,9.98,11.8,13.3,12.4,11.5,12.4,15,15.1,14.1,16.5,16.4,13.4,10.6,9.42,9.09,10.5,9.73,7.17,6.68,6.57,7.72,6.84,6.36,6.61,7.05,7.26,7.61,8.2,8.91,6.02,7.28,7.74,6.97,6.18,5.95,5.58,5.42,5.25,5.26,5.1,,,,,
Azerbaijan,,,,,,,,,,,,,,,,,,,,,,,,,,,,,,,,,,,,,,,19.9,19.5,19.7,19.7,17.4,15.5,15.7,17,17.9,19.1,19.8,20,20.7,19,18.3,18.2,17.9,17.5,16.4,16.5,17.4,17.3,17.2,16.4,14.6,14,14.7
Burundi,,,,,,,,,,,,,,,,,,,12,12,12,12,12,12,12,12,12,12,12,12,12.3,12.8,13.7,13.8,14.2,15.3,,,15.4,15.2,15.8,16.8,19.5,18.2,18.3,18.4,17.1,16.8,16.5,14.1,12.4,13.2,14.3,15.1,15.7,15.3,14.2,14.8,14.8,14.5,12.2,12.9,11.8,11.2,
Benin,,,,,,,,,,,,,,,,,,,,,,,,,,,,,,,,,,,,,,,,,,,,,,8.04,4.74,4.75,4.98,4.98,5.11,5.26,5.04,5.29,5.34,5.15,5.29,6.93,6.76,6.69,6.54,6.25,,,
Burkina Faso,,,,,,,,,,,,,,,,,,,,,,,,,,,,,,,,,,,,,,,,,,,,,,8.87,4.74,4.75,4.98,4.98,5.11,5.26,5.04,5.29,5.34,5.15,5.29,6.51,6.76,6.69,6.54,6.25,,,
Bangladesh,,,,,,,,,,,,,,,,,10.2,10.2,10.2,10.2,10.5,11.1,11.1,11.1,11.1,11.1,13,14.8,14.8,14.8,14.8,14.8,13.9,13.9,13.5,13,13,13,12.9,13.1,12.8,12.8,12.6,12,10.4,10.6,11.7,12.6,12.9,13.3,12.2,13.3,13.9,13.6,12.9,11.7,10.4,9.54,9.65,9.56,8.29,7.32,7.12,7.57,9.85
Bulgaria,,,,,,,,,,,,,,,,,,,,,,,,,,,,,,,,,74,76.9,103,79.4,291,213,14.1,13.5,11.3,11.1,9.21,8.54,8.87,8.66,8.89,10,10.9,11.3,11.1,10.6,9.71,9.04,8.26,7.45,6.39,5.44,4.96,4.55,4.34,4.12,3.75,4.44,4.61
Bahrain,,,,,,,,,,,,,,,,,,,,,,,,,,,8.96,7.5,7.8,8.41,8.41,9.38,11.7,10.8,10.7,11.7,12.3,12.2,11.8,11.7,11.6,10.7,8.41,8.3,7.9,7.82,7.98,8.27,8.22,7.94,7.25,6.79,6.04,5.93,5.87,5.16,,,,,,,,,
Bahamas,,,,,,,,,,,,,,,,,9.5,9.5,9.5,9.13,10.8,11,11,11,11,10.3,9.25,9,9,9,9,9,8.08,7.46,6.88,6.75,6.75,6.75,6.75,6.38,6,6,6,6,6,5.54,5.5,5.5,5.5,5.5,5.5,5.06,4.75,4.75,4.75,4.75,4.75,4.25,4.25,4.25,4.25,4.25,4.25,4.25,4.25
Bosnia and Herzegovina,,,,,,,,,,,,,,,,,,,,,,,,,,,,,,,,,,,,,,,,,,,12.7,10.9,10.3,9.61,8.01,7.17,6.98,7.93,7.89,7.43,7.33,7.04,6.64,5.79,5.24,4.38,3.79,3.29,3.07,3.2,3.36,4.11,4.45
Belarus,,,,,,,,,,,,,,,,,,,,,,,,,,,,,,,,,21,71.6,149,175,62.3,31.8,27,51,67.7,47,36.9,24,16.9,11.4,8.84,8.57,8.55,11.7,9.22,13.6,19.5,19.1,18.7,18.1,14.4,9.66,8.7,9.02,9.03,10.1,12.7,9.96,9.99
Belize,,,,,,,,,,,,,,,,,,,,,,,14.6,14.6,14.6,14.6,14.7,14.1,13.6,13.8,14,14.2,14.3,14.4,14.8,15.7,16.3,16.3,16.5,16.3,16,15.5,14.8,14.3,13.9,14.3,14.2,14.3,14.1,14.1,13.9,13.4,12.4,11.6,10.8,10.3,9.84,9.46,9.12,9.07,8.73,8.44,8.52,8.44,8.42
Bolivia,,,,,,,,,,,,,,,,,,,,,,,,,,,,49.4,39.8,37.3,41.8,41.1,45.5,53.9,55.6,51,56,50,39.4,35.4,34.6,20.1,20.6,17.7,14.5,16.6,11.9,12.9,13.9,12.4,9.91,10.9,11.1,11.1,9.69,8.07,7.95,8.11,8.04,8.4,7.59,8.02,7.76,8.64,
Brazil,,,,,,,,,,,,,,,,,,,,,,,,,,,,,,,,,,,,,,78.2,86.4,80.4,56.8,57.6,62.9,67.1,54.9,55.4,50.8,43.7,47.3,44.6,40,43.9,36.6,27.4,32,44,52.1,46.9,39.1,37.5,29,30,39.4,43.6,40.2
Barbados,,,,,,,,,,,,,,,,,,,,,,11.5,13.4,11.8,11.5,10.6,9.06,8.75,9.44,9.92,11.4,12.4,13.5,8.92,9.08,10,10,9.83,9.75,9.4,10.2,9.58,8.5,8.5,8.33,9.17,10.3,10.8,10,9.2,8.7,8.7,8.7,8.7,8.38,8.06,8.05,8.05,8.05,8.05,8.05,8.05,8.05,,
Brunei,,,,,,,,,,,,,,,,,,,,,,,,,,,,,,,,,,,,,,,6.5,5.5,5.5,5.5,5.5,5.5,5.5,5.5,5.5,5.5,5.5,5.5,5.5,5.5,5.5,5.5,5.5,5.5,5.5,5.5,5.5,5.5,5.5,5.5,5.5,5.5,5.5
Bhutan,,,,,,,,,,,,,,,,,,,,,,,15,15,15,15,15,15,15,15,15,15,17,17,16.6,16,16,16,16,16,16,15.9,15.5,15.2,15,14.5,14,14,13.9,13.8,13.9,14,14,14,14,14.9,14.2,14.3,14,14,14,14,14,12.3,10.5
Botswana,,,,,,,,,,,,,,,,,,,,,8.47,9.63,24.2,13.4,12,11.5,11,10,7.83,7.67,7.88,11.8,14,14.9,13.9,14.4,14.5,13.9,13.7,14.8,15.5,15.8,16.2,16.4,15.8,15.7,16.5,16.2,16.5,13.8,11.5,11,11,10.2,9,7.95,7.3,6.88,6.5,6.4,5.75,5.25,6.13,6.74,6.26
Canada,5.75,5.6,5.71,5.75,5.75,5.77,6,5.92,6.92,7.96,8.17,6.48,6,7.65,10.8,9.42,10,8.5,9.69,12.9,14.3,19.3,15.8,11.2,12.1,10.6,10.5,9.52,10.8,13.3,14.1,9.94,7.48,5.94,6.88,8.65,6.06,4.96,6.6,6.44,7.27,5.81,4.21,4.69,4,4.42,5.81,6.1,4.73,2.4,2.6,3,3,3,3,2.77,2.7,2.7,,,,,,,
Switzerland,,,,,,,,,,,,,,,,,,,,,,,,,,,,,,,,,,,,,,,,,,,,,,,,,3.34,2.75,2.73,2.72,2.69,2.69,2.69,2.68,2.65,2.63,2.63,2.63,2.63,2.64,2.65,2.86,2.98
Chile,,,,,,,,,,,,,,,,,,,,,,,,,,40,26.4,32.7,21.2,36,48.9,28.6,24,24.3,20.3,18.2,17.4,15.7,20.2,12.6,14.8,11.9,7.76,6.18,5.13,6.68,8,8.67,13.3,7.25,4.75,9.03,10.1,9.26,8.1,5.51,5.59,4.55,4.18,,,,,,
China,,,,,,,,,,,,,,,,,,,,,5.04,5.04,7.2,7.2,7.2,7.92,7.92,7.92,9,11.3,9.36,8.64,8.64,11,11,12.1,10.1,8.64,6.39,5.85,5.85,5.85,5.31,5.31,5.58,5.58,6.12,7.47,5.31,5.31,5.81,6.56,6,6,5.6,4.35,4.35,4.35,4.35,4.35,4.35,4.35,4.35,4.35,4.35
Cote d'Ivoire,,,,,,,,,,,,,,,,,,,,,,,,,,,,,,,,,,,,,,,,,,,,,,7.05,4.74,4.75,4.98,4.98,5.11,5.26,5.04,5.29,5.34,5.15,5.29,5.14,,,,,,,
"Congo, Dem. Rep.",,,,,,,,,,,,,,,,,,,,,,,,,,,,,,,,,,,,,,,,,,,,,,,46.4,47,43.2,65.4,56.5,43.8,28.4,19.4,18.7,19.4,19,20.6,24.7,26.7,26,23.3,,,
Colombia,,,,,,,,,,,,,,,,,,,,,,,,,,,40.2,40.5,42,42.4,44.6,46.4,36.7,35.3,39.9,42.1,41.4,33.7,41.6,29.4,18.8,20.7,16.3,15.2,15.1,14.6,12.9,15.4,17.2,13,9.38,11.2,12.6,11,10.9,11.4,14.6,13.7,12.1,11.8,9.85,9.34,15.8,21,16.4
Comoros,,,,,,,,,,,,,,,,,,,,,,,,,,,,,,,,,,,,,,,,13.7,12,12,12,11.8,11,11,10.5,10.5,10.5,10.5,10.5,10.5,10.5,10.5,10.5,10.5,10.5,10.5,10.5,10.5,8.09,7.88,8.03,,
Cape Verde,,,,,,,,,,,,,,,,,,,,,,,,,,,,,,,,,,,,,,,,,,,,,,,10.8,10.6,9.99,11,11,9.81,9.9,10.5,10.9,10.4,9.61,9.49,8.97,9.14,8.19,7.62,7.83,7.53,7.79
Costa Rica,,,,,,,,,,,,,,,,,,,,,,,25,23.3,18,20.9,21.8,23.8,28.7,29.2,32.6,38.9,28.5,30,33,36.7,26.3,22.5,22.5,25.7,24.9,23.8,26.4,25.6,23.4,24.7,22.2,12.8,15.8,19.7,17.1,16.1,18.2,15.2,14.9,14.2,11.6,11.4,11.1,8.75,6.64,5.51,7.36,9.1,7.33
Czech Republic,,,,,,,,,,,,,,,,,,,,,,,,,,,,,,,,,,14.1,13.1,12.8,12.5,13.2,12.8,8.68,7.16,7.2,6.72,5.95,6.03,5.78,5.59,5.79,6.25,5.99,5.89,5.72,5.41,4.97,4.64,4.28,3.91,3.59,3.54,3.69,3.34,3.2,4.23,4.68,4.71
Dominica,,,,,,,,,,,,,,,,,,,,,,,10.2,10.5,11.2,10.8,11,11.3,11.3,11.3,11.3,11.2,11.5,11.9,11.6,11.5,11.4,11.2,11.3,11.4,11.7,11.1,11,11.5,8.94,9.92,9.5,9.17,9.06,10,9.46,8.84,9.04,9.07,8.94,8.67,8.28,8.07,7.81,7.54,6.9,6.3,6.54,5.94,5.83
Dominican Republic,,,,,,,,,,,,,,,,,,,,,,,,,,,,,,,,35.3,28.3,29.9,28.7,30.7,23.7,21,25.6,25,26.8,24.3,26.1,31.4,32.6,24.1,19.5,15.8,19.9,18.1,12.1,15.6,15.5,13.6,13.9,14.9,15.1,13.9,12.5,12.5,11,9.61,11.9,14.4,15.3
Algeria,,,,,,,,,,,,,,,,,,,,,,,,,,,,,,,,,,,,18.4,19,15.7,11.5,10.8,10,9.5,8.58,8.13,8,8,8,8,8,8,8,8,8,8,8,8,8,8,8,8,8,8,8,8,8
Egypt,,,,,,,,,,,,,,,,,8,8.83,10.2,12,13.3,15,15,15,15,15,15,16.3,17,18.3,19,19.8,20.3,18.3,16.5,16.5,15.6,13.8,13,13,13.2,13.3,13.8,13.5,13.4,13.1,12.6,12.5,12.3,12,11,11,12,12.3,11.7,11.6,13.6,18.2,18.3,16.1,11.4,9.43,10.6,17.8,24.3
Ethiopia,,,,,,,,,,,,,,,,,,,,,,,,,,8.5,7.25,6,6,6,6,6,8,14,14.3,15.1,13.9,10.5,10.5,10.6,10.9,10.9,8.66,7,7,7,7,7.5,8,,,,,,,,,,,,,,,,
Fiji,,,,,,,,,,,,,,,,,,,,,,,,,,,,,,,,,12.4,11.9,11.4,11.2,11.1,11,9.64,8.77,8.4,8.34,8.05,7.6,7.17,6.78,7.35,9.01,8,7.85,7.49,7.47,7,6.1,5.76,5.79,5.85,5.74,5.68,6.03,6.18,5.94,5.43,4.97,4.61
"Micronesia, Fed. Sts.",,,,,,,,,,,,,,,,,,,,,,,,,,,,,,,,,,,,15,15,15,15,15.2,15.3,15.3,15.3,15,15.4,16.4,15.6,14,14.4,15.4,15.1,14.3,14.3,15.7,15.7,15.7,15.7,16.1,15.7,14.7,14.5,12.6,,,
UK,,,,,,,,5.5,6.13,6.63,7.25,7.5,7.5,8,9,10.5,11.1,8.91,9.09,13.7,16.3,13.3,11.9,9.83,9.68,12.3,10.9,9.74,10.1,13.8,14.8,11.7,9.56,6.01,5.46,6.69,5.96,6.56,7.23,5.34,5.96,5.12,4,3.7,4.38,4.65,4.64,5.51,4.68,0.645,0.5,0.5,0.5,0.5,0.5,,,,,,,,,,
Georgia,,,,,,,,,,,,,,,,,,,,,,,,,,,,,,,,,,,,,,,,,,,,23.8,22.1,17.6,17.1,17.1,18,17.9,15.8,15,14.8,13.6,11.9,12.5,12.6,11.5,11.1,10.8,11.8,12.5,13.7,13.5,12
Guinea,,,,,,,,,,,,,,,,,,,,,,,,,,,14,15,15,17.3,21.2,24.5,27,24.5,22,21.5,21,20.5,19.6,19.9,19.4,12.9,,,,,,,,,,,,,,,,,,,,,,,
Gambia,,,,,,,,,,,,,,,,,,,,,,,,,,14.5,28,27.9,29.5,26.8,26.5,26.5,26.8,26.1,25,25,25.5,25.5,25.4,24,24,24,24,29.3,36.5,34.9,29.8,27.9,27,27,27,28,28,28,28.5,,,29,28,28,28,19.5,19,20.8,
Guinea-Bissau,,,,,,,,,,,,,,,,,,,,,,,,,,,,,,,,,,,,,,,,,,,,,,10.4,4.74,4.75,4.98,4.98,5.11,5.26,5.04,5.29,5.34,5.15,5.29,5.14,,,,,,,
Grenada,,,,,,,,,,,,,,,,,,,,,,,12.3,12.3,12.3,13.4,13.5,13.3,12.3,12.3,12.3,12.3,12,11.8,11,11.1,9.99,11.2,11.7,11.6,11.6,10.2,11.3,12,10.2,10.1,9.85,9.76,9.53,11,10.6,10.7,9.73,9.27,9.19,8.96,8.63,8.31,7.84,7.57,6.83,6.55,6.44,6.93,6.89
Guatemala,,,,,,,,,,,,,,,,,,,,,,,,,,,,,,,,,,,,,,18.6,16.6,19.5,20.9,19,16.9,15,13.8,13,12.8,12.8,13.4,13.8,13.3,13.4,13.5,13.6,13.8,13.2,13.1,13.1,12.9,12.7,12.5,12.2,11.9,12,12.4
Guyana,,,,,,,,,,,,,,,,,,,,,,13.5,14.4,15,15,15,15,15,15.1,18.9,32.8,33.5,28.7,19.4,18.4,19.2,17.8,17,16.8,17.1,17.3,17,16.3,15,14.5,14.5,14.5,14.6,14.6,14.5,14.5,14.5,13.9,13.5,12.8,12.8,13,13,13,10.5,9.47,8.88,8.42,8.38,8.38
"Hong Kong, China",,,,,,,,,,,,,,,,,,,,,,,,,,,,,,,10,9.42,7.33,6.5,7.38,8.9,8.52,8.9,9.9,8.5,9.27,6.84,5.1,5,5.02,6.21,7.92,7.56,5.31,5,5,5,5,5,5,5,5,5,5.04,5.1,5,5,5.1,5.77,5.74
Honduras,,,,,,,,,,,,,,,,,,,,,,,16.5,16.1,16.2,16.3,16.1,15.5,15.4,15.4,17.1,21.9,21.7,22.1,24.7,26.9,29.7,32.1,30.7,30.2,26.8,23.8,22.7,20.8,19.9,18.8,17.4,16.6,17.9,19.4,18.9,18.6,18.5,20.1,20.6,20.7,19.3,19.3,17.8,17.3,17,16,14.6,14.4,16
Croatia,,,,,,,,,,,,,,,,,,,,,,,,,,,,,,,,,,1440,22.9,20.2,22.5,15.5,15.8,14.9,12.1,9.55,12.8,11.6,11.7,11.2,9.93,9.33,10.1,11.6,10.4,9.68,9.48,9.25,8.58,,,,,,,,,,
Haiti,,,,,,,,,,,,,,,,,,,,,,,,,,,,,,,,,,,10.5,13,20.1,14.3,15.8,15.1,16.5,17.9,17.9,23.2,25.2,23.2,26.4,23.1,17.8,17.3,17.5,11.6,8.93,8.72,10.8,12.9,13.2,12.7,13.1,14.1,14.6,13.3,13.1,14.2,
Hungary,,,,,,,,,,,,,,,,,,,,,,,,,,,,,17.7,20.3,28.8,35.2,33,25.4,27.4,32.6,27.3,21.8,19.3,16.3,12.6,12.1,10.2,9.6,12.8,8.54,8.08,9.09,10.2,11,7.59,8.32,9,6.3,4.45,2.9,2.09,1.48,1.47,1.79,1.96,2.96,10.7,15.3,9.13
Indonesia,,,,,,,,,,,,,,,,,,,,,,,,,,,21.5,21.7,22.1,21.7,20.8,25.5,24,20.6,17.8,18.9,19.2,21.8,32.2,27.7,18.5,18.5,18.9,16.9,14.1,14.1,16,13.9,13.6,14.5,13.3,12.4,11.8,11.7,12.6,12.7,11.9,11.1,10.5,10.4,9.54,8.92,8.52,8.93,8.8
India,,,,,,,,,,,,,,,,,,,13.5,14.5,16.5,16.5,16.5,16.5,16.5,16.5,16.5,16.5,16.5,16.5,16.5,17.9,18.9,16.3,14.8,15.5,16,13.8,13.5,12.5,12.3,12.1,11.9,11.5,10.9,10.8,11.2,13,13.3,12.2,8.33,10.2,10.6,10.3,10.3,10,9.67,9.51,9.45,9.47,9.15,8.7,8.57,,
Iran,,,,,,,,,,,,,,,,,,,,,,,,,,,,,,,,,,,,,,,,,,,,,16.6,16,14,12,12,12,12,11,11,11,14,14.2,18,,,,,,,,
Iraq,,,,,,,,,,,,,,,,,,,,,,,,,,,,,,,,,,,,,,,,,,,15,15,13.3,13.4,14.4,18.8,19.2,16.2,14.3,14.1,13.9,13.6,12.6,12.3,12.4,,,,,,,,
Iceland,,,,,,,,,,,,,,,,,,,,,,,47,42.8,22.8,32.6,18.8,26.6,30.3,28,16.2,17.5,13.1,14.1,10.6,11.6,12.4,12.9,12.8,13.3,16.8,17.9,15.4,11.9,12,14.8,17.9,19.3,20.1,19,10.3,7.7,8.32,8.15,7.74,7.61,8.24,7.26,6.96,6.95,5.76,5.4,7.6,11.5,12.5
Israel,,,,,,,,,,,,,,,,,,,,,,,,,,,,,,,,,,,,,,,,,,,,,,,,,,,,,,4.42,3.91,3.46,3.42,3.5,3.48,3.53,3.31,3.1,2.96,,
Italy,,,,,,,,,,,,,,,,,,,,,,,,,,,,,,15,14.9,14.7,16.5,14.6,12,13.2,12.8,10.5,8.64,6.35,7.02,7.29,6.54,5.83,5.51,5.31,5.62,6.33,6.84,4.76,4.03,4.6,5.22,5.14,4.87,4.13,3.5,3,2.68,2.6,2.33,2.03,2.26,4.89,5.25
Jamaica,,,,,,,,,,,,,,,,,13.8,13.9,13.7,13.8,15.6,16.1,16.4,17,18.5,24.9,27.3,25.4,25.2,25.2,30.5,31.5,44.8,43.7,49.5,43.6,39.8,32.9,31.6,27,23.3,20.6,18.5,18.9,18.1,17.4,17.6,17.2,16.8,16.4,20.5,19.5,17.6,17.7,17.2,17,16.5,14.9,14.1,13,12.1,11.5,11.4,11.7,12
Jordan,,,,,,,,,,,,,,,,,,,,,,,,,,,,,,,,,,,,,,12.3,12.6,12.3,11.8,10.9,10.2,9.3,8.26,7.61,8.18,8.68,9.03,9.25,9.02,8.71,8.78,9.01,8.99,8.48,8.12,8.39,8.66,8.66,7.48,7.02,7.37,8.95,8.48
Japan,,,,,,,,,,,,,,,,,,,,,,,,,,,,,,,,,,4.86,4.13,3.51,2.66,2.45,2.32,2.16,2.07,1.97,1.86,1.82,1.77,1.68,1.66,1.88,1.91,1.72,1.6,1.5,1.41,1.3,1.22,1.14,1.04,0.994,,,,,,,
Kenya,,,,,,,,,,,,9,9,9,9.5,10,10,10,10,10,10.6,12.4,14.5,15.8,14.4,14,14,14,15,17.3,18.8,19,21.1,30,36.2,28.8,33.8,30.2,29.5,22.4,22.3,19.7,18.5,16.6,12.5,12.9,13.6,13.3,14,14.8,14.4,15,19.7,17.3,16.5,16.1,16.6,13.7,13.1,12.4,12,12.1,12.3,13.6,
Kyrgyz Republic,,,,,,,,,,,,,,,,,,,,,,,,,,,,,,,,,,,,,62.6,63.2,56.9,59,56.5,40.1,35.9,24.1,23.3,21.5,23.1,23.2,25.9,26.7,23.7,23.8,23,21.3,20.1,23.6,24.5,19.8,19.5,19,17,16.6,18.7,19.1,19.8
St. Kitts and Nevis,,,,,,,,,,,,,,,,,,,,,8.06,8.54,8.54,8.54,9.48,11,11.4,11.4,11,11.4,11.4,11.3,10.8,10.3,10.9,10.9,10.9,11.2,11.4,11.2,11.1,11.1,10.9,12.2,10.3,10,9.3,9.28,8.7,8.75,8.62,9.45,8.73,8.78,9.28,9.3,9.23,9.09,8.86,8.52,7.65,7.14,7.05,6.67,6.46
South Korea,,,,,,,,,,,,,,,,,,,,,,,,,,,,,,,,,,,,,11.1,11.9,15.3,9.4,8.54,7.71,6.77,6.24,5.9,5.59,5.99,6.55,7.17,5.65,5.51,5.76,5.4,4.64,4.26,3.53,3.37,3.48,3.66,3.45,2.8,2.88,4.29,5.19,4.73
Kosovo,,,,,,,,,,,,,,,,,,,,,,,,,,,,,,,,,,,,,,,,,,,,,14.8,14.4,14.5,14.6,14.8,14.4,14.4,13.8,12.7,11.8,10.6,8.32,7.45,6.83,6.65,,,,,,
Kuwait,,,,,,,,,,,,,,,,,,,,5.86,6.8,9.28,9.39,8.35,8.58,8.75,8.63,7.86,6.72,8.38,8.69,8.61,8,7.95,7.61,8.37,8.77,8.8,8.93,8.56,8.87,7.88,6.48,5.42,5.64,7.5,8.58,8.54,7.61,6.16,5.42,5.19,4.98,4.56,4.27,4.29,4.48,4.69,4.83,4.81,4.14,3.71,3.91,4.93,5.17
Lao,,,,,,,,,,,,,,,,,,,,,,,,,,,,,,,,26,26,25.3,24,25.7,27,,29.3,32,32,26.2,29.3,30.5,29.3,26.8,30,28.5,24,24.8,22.6,,,,,,,,,,,,,,
Lebanon,,,,,,,,,,,,,,,,,,,,,,,16.8,14.5,15.6,17.3,22.2,36.5,44.5,39.9,39.9,38,40.2,28.5,23.9,24.7,25.2,20.3,,19.5,18.2,17.2,16.6,13.4,10.8,10.6,10.3,10.3,9.96,9.57,8.34,7.53,7.25,7.35,7.27,7.09,8.35,8.29,9.1,10.5,,,,,
Liberia,,,,,,,,,,,,,,,,,,,,,,15.3,18.2,20.7,20.6,19.3,14.4,13.6,13.4,13.8,,14,15.1,,14.5,15.6,15.3,16.8,21.7,16.7,20.5,22.1,20.2,17.1,18.1,17,15.5,15,14.4,14.2,14.2,13.8,13.5,13.5,13.5,13.6,13.6,13.3,,,,,,,
Libya,,,,,7,7,7,7,7,7,7,7,7,7,7,7,7,7,7,7,7,7,7,7,7,7,7,7,7,7,7,7,7,7,,,,,,7,7,7,7,7,6.08,6.13,6.33,6,6,6,6,6,6,6,6,,,,,,,,,,
St. Lucia,,,,,,,,,,,,,,,,,,,,,,13.7,13.7,13.7,14.1,14.8,14.8,12.2,11,10.5,11.3,11.9,12.8,11.8,11.1,12.7,12.8,12.7,11.4,12.8,13.1,13,12.6,15,11.1,10.6,10.8,10.1,10.1,10.6,10.6,10,9.5,9.08,9,8.86,8.47,8.34,8.11,7.72,7.13,6.76,6.51,6.4,6.29
Sri Lanka,,,,,,,,,,,,,,,,,,,,,,,,,,,,,,,,,,,,,,,,,,14.3,13.2,10.3,9.47,10.8,12.8,17.1,18.9,15.7,10.2,9.41,13.3,12.5,7.84,6.96,10.5,11.6,11.6,11.2,,,,,
Lesotho,,,,,,,,,,,,,,,,,,,,,11,15,17,15.4,17.6,19.7,13.4,11.1,13.7,18.8,20.4,20,18.3,15.8,14.3,16.4,17.7,18,20.1,19.1,17.1,16.6,17.1,16,12.4,11.7,12.2,14.1,16.2,13,11.2,10.4,10.1,9.92,10.3,10.6,11.6,11.6,11.4,11.3,8.98,8.21,8.98,11.1,11.2
"Macao, China",,,,,,,,,,,,,,,,,,,,,,,,,,,6.5,6.63,8.06,10.5,10.4,9.42,7.25,6.5,7.95,9.9,9.56,9.73,11,9.46,9.89,7.99,6.11,6,6.01,7.05,8.76,7.81,5.43,5.25,5.25,5.25,5.25,5.25,5.25,5.25,5.25,5.25,5.29,5.36,5.26,5.26,5.34,6.01,6.02
Moldova,,,,,,,,,,,,,,,,,,,,,,,,,,,,,,,,,,,,40.8,36.7,33.3,30.8,35.5,33.8,28.7,23.5,19.3,20.9,19.3,18.1,18.8,21.1,20.5,16.4,14.4,13.4,12.3,11,14.1,14.3,10.4,8.85,8.25,8.18,7.4,11.8,12.3,8.91
Madagascar,,,,,,,,,,,,,,,,,,,,,,,,,,,,,,22.3,25.8,25.5,25,25.6,28.3,34.8,35.5,30.3,27,27.3,26.9,25.5,25.3,24.3,24.6,25.9,28.1,40.3,44,44.6,46,52.5,56.1,59,60,56.7,60,60,55.4,49,48.9,48.3,48.8,53.6,
Maldives,,,,,,,,,,,,,,,,,,,,,,,,,,,,,,,,,,,,11,11,11,11,9.16,9.52,9.52,9.92,10.3,10.3,10.3,10.3,10.3,10.3,10.3,10.4,10.2,10.5,11.1,11.4,11.1,10.8,10.2,10.7,11.5,11.6,11.6,10.9,11.7,11.6
Mexico,,,,,,,,,,,,,,,,,,,,,,,,,,,,,,,,,,18.2,19.3,59.4,36.4,22.1,26.4,23.7,16.9,12.8,8.21,7.02,7.44,9.7,7.51,7.56,8.71,7.07,5.28,4.91,4.68,4.27,3.55,3.44,4.75,7.33,8.04,8.43,6.34,4.89,8.18,11.6,11.2
North Macedonia,,,,,,,,,,,,,,,,,,,,,,,,,,,,,,,,,,,,,,,,,,,,,,12.5,11.6,10.5,10.2,11.2,10.7,9.6,9.07,8.49,7.77,7.46,7.02,6.61,6.11,5.61,5.19,4.86,4.63,5.44,5.85
Mali,,,,,,,,,,,,,,,,,,,,,,,,,,,,,,,,,,,,,,,,,,,,,,8.68,4.74,4.75,4.98,4.98,5.11,5.26,5.04,5.29,5.34,5.15,5.29,5.14,,,,,,,
Malta,,,,,,,,,,,,,,,,,,,,,,,,,,,,,,,,,,,,7.38,7.77,7.99,8.09,7.7,7.28,6.9,6.04,5.85,5.32,5.51,5.65,6.24,5.89,4.47,4.6,4.75,4.7,4.71,,,,,,,,,,,
Myanmar,,,,,,,,,,,,,,,,,,,,,,,,,,,,,,,,,,,20.3,20.3,20.3,20.3,20.3,19.8,18.8,18.5,18.5,18.5,18.5,18.5,19.8,20.9,20.9,20.9,20.9,20.1,16,16,16,16,16,16,16,16,14.8,,,,
Montenegro,,,,,,,,,,,,,,,,,,,,,,,,,,,,,,,,,,,,,,,,,,,,,,12.4,11.2,9.2,9.24,9.36,9.53,9.69,9.56,9.39,9.41,8.93,7.97,7.2,6.53,6.17,5.91,5.76,5.64,6.34,6.6
Mongolia,,,,,,,,,,,,,,,,,,,,,,,,,,,,,,,,,,,,,,,48.1,44,37,37.4,35.5,31.9,31.5,30.6,26.9,21.8,20.6,21.7,20.1,16.6,18.1,18.5,19,19.6,19.7,20,17.7,17,16.9,16,,,
Mozambique,,,,,,,,,,,,,,,,,,,,,,,,,,,,,,,,,,,,,,30,24.4,19.6,19,22.7,26.7,24.7,22.1,19.5,18.6,19.5,18.3,15.7,16.3,19.1,16.8,15.3,14.8,14.9,21.2,27.9,23,19,17.1,18.2,20.1,23.7,21.7
Mauritania,,,,,,,,,,,,,,,,,,,,,12,12,12,12,12,12,12,12,12,10,10,10,15.8,17.6,18.2,20.3,22,22,25.5,28,25.6,22.5,21,21,21,23.1,24,23.5,20.3,19.5,17,17,17,17,17,17,17,17,,,,,,,
Mauritius,,,,,,,,,,,,,,,,,,,,,11.8,12.2,13.4,15.1,13.3,13.8,14.3,14.1,15,16.1,18,17.8,17.1,16.6,18.9,20.8,20.8,18.9,19.9,21.6,20.8,21.1,21,21,21,21,21.1,21.9,11.5,9.25,8.88,8.92,8.67,8.5,8.5,8.5,8.5,8.5,8.5,8.45,7.22,6.87,7.5,9.5,9.38
Malawi,,,,,,,,,,,,,,,,,,,,16.5,16.7,18.5,18.5,18.3,16.5,18.4,19,19.5,22.3,23,21,20,22,29.5,31,47.3,45.3,28.3,37.7,53.6,53.1,56.2,50.5,48.9,36.8,33.1,32.3,27.7,25.3,25.3,24.6,23.8,32.3,46,44.3,44.4,44.1,38.6,32.3,25.7,24.2,23.9,25.4,33.5,37.1
Malaysia,,,,,,,,,,9.14,9.2,9.19,8.87,9.86,11.2,10.3,10,9.47,9.34,9.43,10.1,11.9,12.4,11.8,12.2,12.6,12.2,10.4,9.3,8.9,8.79,9.35,10.2,10,8.76,8.73,9.94,10.6,12.1,8.56,7.67,7.13,6.53,6.3,6.05,5.95,6.49,6.41,6.08,5.08,5,4.92,4.79,4.65,4.59,4.57,4.53,4.61,4.93,4.88,3.94,3.44,3.91,5.32,5.28
Namibia,,,,,,,,,,,,,,,,,,,,,,,,,,,,,,,,23.4,20.2,18,17.1,18.5,19.2,20.2,20.7,18.5,15.3,14.5,13.8,14.7,11.4,10.6,11.2,12.9,13.7,11.1,9.72,8.73,8.65,8.29,8.7,9.32,9.84,10,10.1,9.88,7.87,6.86,8.61,10.9,11
Niger,,,,,,,,,,,,,,,,,,,,,,,,,,,,,,,,,,,,,,,,,,,,,,10.8,4.74,4.75,4.98,4.98,5.11,5.26,5.04,5.29,5.34,5.15,5.29,5.14,,,,,,,
Nigeria,,,,,,,,,,,7,7,7,7,7,6.25,6.5,6,6.75,8.15,8.43,8.92,9.54,9.98,10.2,9.43,9.96,14,16.6,20.4,25.3,20,24.8,31.6,20.5,20.2,19.8,17.8,18.2,20.3,21.3,23.4,24.8,20.7,19.2,17.9,16.9,16.9,15.1,19,17.6,16,16.8,16.7,16.5,16.8,16.9,17.6,16.9,15.4,13.6,11.5,12.3,14,
Nicaragua,,,,,,,,,,,,,,,,,,,,,,,,,,,,,99.8k,457,18,14.7,15.8,16.6,16.5,16.3,17,17.2,17.7,17.6,18.1,18.6,18.3,15.5,13.5,12.1,11.6,13,13.2,14,13.3,10.5,12,15,13.5,12.1,11.4,10.8,10.9,12.5,11.2,9.62,9.23,9.48,11.2
Netherlands,,,,,,,,,,,,,,,,,,,,,,,,,,,,,,,,,,,,,,,,3.46,4.79,5,3.96,3,2.75,2.77,3.54,4.6,4.6,1.98,1.75,2,1.63,1.5,,,,,,,,,,,
Norway,,,,,,,,,,,,,,,,,,,,,,,,,,,,,,,,,,,,,,,,,,,,,,,,,,,,,,4.35,4.21,3.5,3.07,3.01,2.93,3.24,2.7,2.27,3.24,5.31,6.15
New Zealand,,,,,,,,,,,,,,,,,,,,,,,,,,,,,,,,,,,,,,,8.99,7.05,7.81,7.6,7.18,7,7.1,7.76,8.19,8.61,8.94,6.66,6.26,6.11,5.82,5.53,5.8,5.76,5.02,4.76,,,,,,,
Oman,,,,,,,,,,,,,,,,,,,,,,,,,10.3,10.2,9.92,9.3,9.35,9.85,9.85,9.57,9.36,8.89,8.38,9.28,9.3,9.18,9.74,10.5,10.1,9.59,8.82,8.39,7.94,7.28,7.29,7.37,6.83,7.32,7.14,6.52,5.9,5.52,5.23,4.88,4.91,5.15,5.25,5.41,5.47,5.5,,,
Pakistan,,,,,,,,,,,,,,,,,,,,,,,,,,,,,,,,,,,,,,,,,,,,,7.26,9.07,11,11.8,12.9,14.5,14,14.4,13.5,12,11.7,10.2,8.76,8.21,8.53,12.2,10.8,8.67,,,
Panama,,,,,,,,,,,,,,,,,,,,,,,,,,,,,,,,,,,,,11,11,11.2,10.4,10.5,11,10.6,9.93,8.82,8.66,8.68,8.79,7.91,7.63,7.31,7.52,7.72,7.4,6.93,6.5,6.6,6.77,6.88,7.09,7.01,6.94,6.91,,
Peru,,,,,,,,,,,,,,,,,,,,,,,,,,61.4,36.2,31.9,155,1350,4260,671,148,94.2,55.3,36.2,31.5,30.9,32.6,35.1,30,25,20.8,21,24.7,25.5,23.9,22.9,23.7,21,19,18.7,19.2,18.1,15.7,16.1,16.5,16.8,14.5,14.4,12.9,11,12.6,,
Philippines,,,,,,,,,,,,,,,,,12,12,12,14,14,15.3,18.1,19.2,28.2,28.6,17.5,13.3,15.9,19.3,24.1,23.1,19.5,14.7,15.1,14.7,14.8,16.3,16.8,11.8,10.9,12.4,9.14,9.47,10.1,10.2,9.78,8.69,8.75,8.57,7.67,6.66,5.68,5.77,5.53,5.58,5.64,5.63,6.12,7.1,,,,,
Papua New Guinea,,,,,,,,,,,,,,,,,,,,,,,,11.6,10.6,11.5,12.3,11.9,12.7,14.6,15.5,14.2,14.5,11.3,9.16,13.1,13.3,10.4,17.7,18.9,17.5,16.2,13.9,13.4,13.3,11.5,10.6,9.78,9.2,10.1,10.4,10.8,10.8,10.1,9.38,8.73,8.37,8.39,9.07,8.65,7.7,7.64,7.99,8.34,
Paraguay,,,,,,,,,,,,,,,,,,,,,,,,,,,,,,,,,,,41,39.2,36.8,32.1,35.2,34.9,31,32.7,44.7,57.8,38.8,34.6,34.8,28.9,29.8,32.7,30.1,17.4,17.2,19.3,21.2,19.7,18.1,17,15.7,15.5,13.5,12.5,,,
Palestine,,,,,,,,,,,,,,,,,,,,,,,,,,,,,,,,,,,,,,,,,,,,,7.28,7.33,7.73,7.98,7.19,6.19,6.33,6.79,6.97,7.52,6.41,6.78,6.15,5.79,5.87,5.93,5.52,5.56,,,
Qatar,,,,,,,,,,,,,,,,,,,,9,9.5,9.5,9.5,9.5,9.5,9.5,9.5,9.5,9.5,9.5,9.5,9.5,8.13,7.2,8.86,10.2,,,,,,,,,6.18,6.65,7.18,7.43,6.84,7.04,7.27,5.49,5.38,5.11,4.96,4.44,4.04,4.7,4.98,5.04,4.09,3.85,4.56,6.45,6.18
Romania,,,,,,,,,,,,,,,,,,,,,,,,,,,,,,,,,,86.4,90.4,50.7,55.1,72.5,55.3,65.6,53.9,45.4,35.4,25.4,25.6,19.6,14,13.3,15,17.3,14.1,12.1,11.3,10.5,8.47,6.77,5.71,5.56,6.81,7.16,6.49,5.61,7.76,9.32,8.76
Russia,,,,,,,,,,,,,,,,,,,,,,,,,,,,,,,,,,,,,,32,41.8,39.7,24.4,17.9,15.7,13,11.4,10.7,10.4,10,12.2,15.3,10.8,8.46,9.1,9.47,11.1,15.7,12.6,10.6,8.87,8.75,6.78,7.18,11.5,11.6,
Rwanda,,,,,,,,,,,,,,,,,,,,,,,,,,,,,,,,,,,,,18.3,16.7,15.7,16.3,16.5,16.4,16.2,16,16,15.8,15.9,16,16.3,16.7,17,16.7,16.7,17.3,17.3,17.3,17.3,17.2,16.9,16.5,16.3,16.2,16.4,16.1,16
Senegal,,,,,,,,,,,,,,,,,,,,,,,,,,,,,,,,,,,,,,,,,,,,,,7.05,4.74,4.75,4.98,4.98,5.11,5.26,5.04,5.29,5.34,5.15,5.29,5.14,,,,,,,
Singapore,,,,,,,,,,,,,,,,,,,7.17,8.5,11.7,13.6,10.2,9.05,9.72,8.06,6.82,6.1,5.96,6.21,7.36,7.58,5.95,5.39,5.88,6.37,6.26,6.32,7.44,5.8,5.83,5.65,5.35,5.31,5.3,5.3,5.31,5.33,5.38,5.38,5.38,5.38,5.38,5.38,5.35,5.35,5.35,5.28,5.33,5.25,5.25,5.25,,,
Solomon Islands,,,,,,,,,,,,,,,,,,,,,,9,10.6,11.5,12,12.8,15.1,17.3,18,18,18,19.5,16.6,15.8,14.5,14.5,15.4,14.7,14,14,10.3,10,10,10,10,9.25,8.17,8,8,10.2,14.4,13.2,11.3,10.8,10.9,10.5,10.1,10.7,10.7,10.6,10.7,5.18,,,
Sierra Leone,,,,,,8,8,8,8,8,8,8,8,8,8,8.5,9,11,11,11,11,15,15,17.3,18,17,17.2,28.5,28,29.7,52.5,56.3,62.8,50.5,27.3,28.8,32.1,23.9,23.8,26.8,26.3,24.3,22.2,20,22.1,24.6,24,25,24.5,22.2,21.3,21,21,20.6,19.4,18.7,16.2,15.7,16,18,17.9,18.9,19.3,19.6,20.4
San Marino,,,,,,,,,,,,,,,,,,,,,,,,,,,,,,,,,,,,,,,,,,8.1,7.95,7.49,7.14,7.17,6.71,7.58,7.89,5.74,5.38,5.92,6.48,6.62,6.11,2.49,3.02,4.07,4.16,3.98,3.73,3.53,3.8,5.63,5.49
Somalia,,,,,,,,,,,,,,,,7,7,7,7,7.5,7.5,10,11.5,12,12,19,20.6,22,33.7,,,,,,,,,,,,,,,,,,,,,,,,,,,,,,,,,,,,
Serbia,,,,,,,,,,,,,,,,,,,,,,,,,,,,,,,,,,,,,,19.1,16.2,3.35,78.7,38.9,3.28,2.59,3.45,3.5,5.12,4.39,6.03,6.87,4.76,,,,,,,,,,,,,,
South Sudan,,,,,,,,,,,,,,,,,,,,,,,,,,,,,,,,,,,,,,,,,,,,,,,,,,,,,12,13.6,18.7,13.8,10.4,10.1,16.2,15.7,16.1,16.1,16.3,16.4,14.7
Sao Tome and Principe,,,,,,,,,,,,,,,,,,,,,,,,,,,,,,,,,,,,,,,,,,37,37.4,29.6,29.8,31.2,29.3,32.4,32.4,31.1,28.9,26.9,26.2,25.9,23.2,23.3,19.6,19.6,19.9,19.1,18.8,18.5,17.9,17.8,
Suriname,,,,,,,,,,,,,,,,,,,,,,,,,,,,,,,8.7,8.9,8.93,9.35,15.4,40.3,35.9,33.1,27.1,27.4,29,25.7,22.2,21,20.4,17.4,15.6,13.8,12.2,11.7,11.6,11.8,11.7,12,12.3,12.6,13.5,14.4,14.3,15,14.8,14.9,14.7,14.2,14.8
Sweden,,,,,,,,,,,,,,,,,,,,,,,,,,,,,,,,,15.2,12.1,10.7,11.1,8.73,7.06,6.46,5.38,5.77,5.73,5.79,5.02,4.18,3.53,3.68,,,,,,,,,,,,,,,,,,
Eswatini,,,,,,,,,,,,,,,,10.8,10.5,10.5,10.5,9.75,9.5,11.3,17.4,16.5,20.3,20.6,14.3,11.9,13.1,14.5,14.5,16,15.9,14.3,14.3,17.1,18.7,19.5,19.5,17.4,14,13.3,15.3,14.6,11.3,10.6,11.2,13.2,14.8,11.4,9.75,9,8.75,8.5,8.63,9.04,10.3,10.8,10.3,10.1,7.96,7.25,8.5,10.8,10.9
Seychelles,,,,,,,,,,,,,,,,,,,,,,,,,,,,,,15.5,15.6,15.6,15.6,15.7,15.7,15.8,16.2,14.9,14.3,11.2,10.7,10.6,10.6,10.6,9.99,9.77,10,10.9,11.8,15.3,12.7,11.2,12.2,12.3,11.6,12.4,12.4,12.2,12.3,12.6,11.6,9.16,9.1,9.53,9.81
Togo,,,,,,,,,,,,,,,,,,,,,,,,,,,,,,,,,,,,,,,,,,,,,,8.76,4.74,4.75,4.98,4.98,5.11,5.26,5.04,5.29,5.34,5.15,5.29,5.14,,,,,,,
Thailand,,,,,,,,,,,,,,,,,11,10.9,11,13,16.1,17.2,17,15.2,16.8,16.1,13.4,11.5,11.6,12.3,14.4,15.4,12.2,11.2,10.9,13.3,13.4,13.6,14.4,8.98,7.83,7.27,,,4.55,4.72,6.27,6.05,5.82,4.78,4.33,5.07,5.19,5.06,4.95,4.73,4.47,4.42,4.15,4.08,3.29,3.06,3.14,4.29,4.17
Tajikistan,,,,,,,,,,,,,,,,,,,,,,,,,,,,,,,,,,,,,,,,,,,14.2,16.7,20.3,23.3,24.2,23,23.6,22.6,23.4,22.5,21.1,24.3,24.5,25.8,24.9,29.6,27.2,23.5,,,,,
Timor-Leste,,,,,,,,,,,,,,,,,,,,,,,,,,,,,,,,,,,,,,,,,,,,,,,,,,,,11,12.2,12.4,12.9,13.5,14,13.3,13.5,15.4,14.1,11.2,11,10.7,10.6
Tonga,,,,,,,,,,,,,,,,,,,,,,,,,,,,,,,,,,,,,,,,,,,,,,,,,,,,,9.93,9.35,8.64,8.24,7.93,7.87,8.04,8.07,7.83,7.76,7.86,7.74,7.76
Trinidad and Tobago,,,,,,,,,,,,,,,,,,,,9,10,11.4,11.5,11.7,12.8,12.7,12,11.5,12.6,13.3,12.9,13.2,15.3,15.5,16,15.2,15.8,15.3,17.3,17,16.5,15.7,12.5,11.2,9.31,9.1,10.9,11.8,12.4,11.9,9.28,7.97,7.71,7.5,7.5,8.18,9,9,9.09,9.25,6.55,7.44,7.49,7.52,7.5
Tanzania,,,,,,,,,,,,,,,,,,,,,,,,,,,,,,,,,27.4,27.4,34.4,37.8,34,26.3,22.9,21.9,21.6,20.1,16.4,14.5,14.1,15.2,15.7,16.1,15,15,14.5,15,15.6,15.9,16.3,16.1,16,17.8,17.4,17,16.7,,,,
Uganda,,,,,,,,,,,,,,,,,,,,,12,12.5,14.5,16.2,21.9,24,33.3,34.7,35,40,38.7,34.4,39.1,,20.8,20.2,20.3,21.4,20.9,21.5,22.9,22.7,19.1,18.9,20.6,19.6,18.7,19.1,20.5,21,20.2,21.8,26.2,23.3,21.6,22.6,23.9,21.3,19.8,,,,,,
Ukraine,,,,,,,,,,,,,,,,,,,,,,,,,,,,,,,,,75.7,184,250,123,79.9,49.1,54.5,55,41.5,32.3,25.3,17.9,17.4,16.2,15.2,13.9,17.5,20.9,15.9,15.9,18.4,16.6,17.7,21.8,19.2,16.4,19,19.8,14.3,13.3,18.6,22.1,19.6
Uruguay,,,,,,,,,,,,,,,,,59.7,62.2,71.9,63.5,64.6,58.5,56.7,90.8,80.7,91.7,91.8,92.9,98.4,124,169,148,114,94.3,92.2,96,88.7,69.3,56.1,51.6,47.5,50.1,118,58.9,23.7,13.6,9.25,8.94,12.4,15.3,10.3,9.78,11.2,12.4,15.5,15.8,16.2,13.8,12.2,11.6,11.2,7.45,10.9,11.9,9.91
USA,4.82,4.5,4.5,4.5,4.5,4.54,5.63,5.63,6.31,7.95,7.91,5.72,5.25,8.02,10.8,7.86,6.84,6.82,9.06,12.7,15.3,18.9,14.9,10.8,12,9.93,8.33,8.2,9.31,10.9,10,8.46,6.25,6,7.14,8.83,8.27,8.44,8.35,7.99,9.23,6.92,4.67,4.12,4.34,6.19,7.96,8.05,5.09,3.25,3.25,3.25,3.25,3.25,3.25,3.26,3.51,4.1,4.9,5.28,3.54,3.25,,,
Uzbekistan,,,,,,,,,,,,,,,,,,,,,,,,,,,,,,,,,,,,,,,,,,,,,,,,,,,,,,16.2,16,13.8,13.5,15.4,20,23.6,22.3,21.4,21.7,22.2,23.1
St. Vincent and the Grenadines,,,,,,,,,,,,,,,,,,,,,8.97,8.97,8.97,9.49,10.8,10.8,11.2,11.2,10.8,11.2,11.5,11.2,11.3,11.9,11.7,11.1,11.2,11.3,11.3,11.5,11.5,11.6,11.6,11.8,9.69,9.58,9.73,9.61,9.52,9.19,9.17,9.14,9.41,9.44,9.15,9.3,9.12,8.75,8.49,8.35,7.99,7.65,7.39,7.16,7.1
Venezuela,,,,,,,,,,,,,,,,,,,,,,,,,9.57,9.33,8.49,8.47,8.5,22.5,35.5,37.2,41.3,59.9,54.7,39.7,39.4,23.7,46.4,32.1,25.2,22.5,36.6,25.2,18.5,16.8,15.5,17.1,22.4,19.9,18.3,17.1,16.4,15.9,17.2,19.4,20.8,21.1,,,,,,,
Vietnam,,,,,,,,,,,,,,,,,,,,,,,,,,,,,,,,,,32.2,,,20.1,14.4,14.4,12.7,10.6,9.42,9.06,9.48,9.72,11,11.2,11.2,15.8,10.1,13.1,17,13.5,10.4,8.66,7.12,6.96,7.07,7.37,7.71,7.65,7.81,8.01,9.32,
Vanuatu,,,,,,,,,,,,,,,,,,,,,,,,,,,,,,,,,,,,,,,,,,,,,,,,,,,,,,10.5,10.4,10.2,10.1,9.96,10.2,10,9.76,9.33,8.81,8.94,8.64
Samoa,,,,,,,,,,,,,,,,,,,,,,,,,,,,,,,,,,,,,,,,,,11.6,11.4,11.3,11.2,11.4,11.7,12.7,12.7,12.1,10.7,9.96,9.86,10.2,10,9.51,9.09,8.76,8.95,8.93,8.71,8.52,8.29,8.32,8.43
Yemen,,,,,,,,,,,,,,,,,,,,,,,,,,,,,,,,,,,,,31.4,22.5,18.1,24.1,19.5,17.5,17.7,18,18.5,18,18,18,18,18,23.8,25,24.5,22.1,,,,,,,,,,,
South Africa,6.21,6.83,6.21,5.5,5.79,6.92,7.5,8.25,8.33,8,8.17,8.83,8.79,8,10.2,11.8,12.3,12.5,12.1,10,9.5,14,19.3,16.7,22.3,21.5,14.3,12.5,15.3,19.8,21,20.3,18.9,16.2,15.6,17.9,19.5,20,21.8,18,14.5,13.8,15.8,15,11.3,10.6,11.2,13.2,15.1,11.7,9.83,9,8.75,8.5,9.13,9.42,10.5,10.4,10.1,10.1,7.71,7.04,8.79,11.5,11.6
Zambia,,,,,,,,,,,,,,,,,,,8.25,9.08,9.5,9.5,9.5,13,14.5,18.6,27.4,21.2,18.4,18.4,35.1,43,54.6,113,70.6,45.5,53.8,46.7,31.8,40.5,38.8,46.2,45.2,40.6,30.7,28.2,23.2,18.9,19.1,22.1,20.9,18.8,12.2,9.52,11.6,13.3,15.5,12.4,9.79,10.3,9.48,,,,
Zimbabwe,,,,,,,,,,,,,,,,,,,,,,,,,,,,,,,,,,,,,,,,,,,,,,,,,,,,,11.6,9.74,9.47,8.54,7.11,6.91,7.13,16.2,33,45.5,132,170,
